<?xml version="1.0" encoding="UTF-8"?>
<project-private xmlns="http://www.netbeans.org/ns/project-private/1">
    <editor-bookmarks xmlns="http://www.netbeans.org/ns/editor-bookmarks/1"/>
    <open-files xmlns="http://www.netbeans.org/ns/projectui-open-files/1">
        <file>file:/Users/phi/CPNV/Modules/POO2/Exercices/Ex6/FormValidator/src/formvalidator/Main.java</file>
        <file>file:/Users/phi/CPNV/Modules/POO2/Exercices/Ex6/FormValidator/src/formvalidator/Form.java</file>
        <file>file:/Users/phi/CPNV/Modules/POO2/Exercices/Ex6/FormValidator/src/formvalidator/UserForm.java</file>
        <file>file:/Users/phi/CPNV/Modules/POO2/Exercices/Ex6/FormValidator/src/formvalidator/Validator.java</file>
        <file>file:/Users/phi/CPNV/Modules/POO2/Exercices/Ex6/FormValidator/src/formvalidator/PresenceValidator.java</file>
        <file>file:/Users/phi/CPNV/Modules/POO2/Exercices/Ex6/FormValidator/src/formvalidator/FormatValidator.java</file>
        <file>file:/Users/phi/CPNV/Modules/POO2/Exercices/Ex6/FormValidator/src/formvalidator/EmailValidator.java</file>
    </open-files>
</project-private>
